ID,Group,GroupNum,Score
2,married,2,51
7,loss,1,72
8,married,2,65
9,loss,1,65
11,married,2,52
12,married,2,44
14,married,2,69
17,married,2,53
18,loss,1,59
19,married,2,69
20,married,2,68
22,divorced,3,80
23,married,2,73
24,married,2,58
25,married,2,65
26,married,2,59
28,married,2,59
29,married,2,80
33,married,2,53
34,married,2,53
35,married,2,71
36,married,2,66
37,divorced,3,59
38,loss,1,58
39,divorced,3,59
40,married,2,67
42,married,2,66
43,loss,1,61
44,married,2,56
46,loss,1,71
48,loss,1,45
49,loss,1,71
50,divorced,3,60
52,married,2,80
54,divorced,3,58
55,married,2,64
56,divorced,3,56
57,married,2,61
58,married,2,71
60,divorced,3,66
62,married,2,71
63,married,2,71
65,married,2,61
67,married,2,52
71,loss,1,64
72,married,2,61
73,loss,1,72
77,loss,1,62
78,divorced,3,34
79,loss,1,72
80,married,2,55
82,loss,1,80
85,married,2,74
89,divorced,3,34
90,married,2,80
93,loss,1,45
94,married,2,76
95,loss,1,51
96,married,2,80
97,married,2,72
134,married,2,78
135,loss,1,77
136,loss,1,71
137,divorced,3,55
138,loss,1,67
139,divorced,3,73
144,married,2,59
145,married,2,63
146,married,2,52
147,divorced,3,54
148,loss,1,71
150,loss,1,67
151,married,2,80
152,loss,1,62
153,married,2,66
154,divorced,3,59
155,loss,1,63
156,married,2,72
157,married,2,80
158,divorced,3,74
159,loss,1,69
166,loss,1,62
169,divorced,3,72
170,loss,1,65
171,loss,1,66
172,loss,1,62
173,married,2,56
176,married,2,61
179,married,2,72
180,divorced,3,60
181,divorced,3,52
184,loss,1,53
185,married,2,65
186,married,2,80
189,divorced,3,61
190,loss,1,36
192,married,2,65
193,loss,1,53
196,married,2,67
197,married,2,54
198,divorced,3,66
199,married,2,61
206,loss,1,63
207,loss,1,70
209,loss,1,68
210,loss,1,72
213,divorced,3,59
214,divorced,3,67
215,divorced,3,46
216,loss,1,52
219,divorced,3,50
222,loss,1,53
223,loss,1,61
224,loss,1,57
225,loss,1,49
227,divorced,3,73
230,loss,1,65
237,loss,1,64
246,divorced,3,80
247,loss,1,72
252,loss,1,59
255,loss,1,49
256,divorced,3,71
257,loss,1,78
263,loss,1,61
271,divorced,3,80
274,loss,1,64
284,divorced,3,71
294,loss,1,68
295,loss,1,58
296,loss,1,64
299,loss,1,64
300,loss,1,50
328,loss,1,68
342,divorced,3,61
347,divorced,3,67
349,divorced,3,60
367,divorced,3,55
380,divorced,3,69
386,divorced,3,80
389,divorced,3,57
409,divorced,3,62
424,divorced,3,49
432,divorced,3,41
455,divorced,3,71
460,divorced,3,60
461,divorced,3,71
476,divorced,3,66
480,divorced,3,66
481,divorced,3,68
489,divorced,3,45
499,divorced,3,43
511,divorced,3,57
519,divorced,3,54
572,divorced,3,58
587,divorced,3,44
604,divorced,3,66
607,divorced,3,54
608,divorced,3,64
