type;satisf;individu
assistant;2.75;1
assistant;4.8;2
assistant;2.6;3
assistant;3.8;4
assistant;4;5
assistant;4.6;6
assistant;5.6;7
assistant;5.4;8
assistant;6.2;9
assistant;5.8;10
assistant;6;11
assistant;5.8;12
assistant;3.4;13
assistant;6;14
assistant;3.4;15
assistant;6.2;16
assistant;6;17
assistant;6.8;18
assistant;6.8;19
assistant;6.4;20
assistant;4.8;21
assistant;5.2;22
assistant;5.6;23
assistant;6;24
assistant;1.6;25
assistant;6.2;26
assistant;6.2;27
assistant;5;28
assistant;6.6;29
assistant;5.8;30
assistant;4.4;31
assistant;6;32
assistant;6.6;33
assistant;6;34
assistant;3.6;35
assistant;5.6;36
assistant;6;37
assistant;5.6;38
assistant;5.8;39
assistant;4.6;40
facteur;4.6;41
facteur;1.4;42
facteur;3;43
facteur;3.8;44
facteur;3.6;45
facteur;3.6;46
facteur;5.4;47
facteur;4.6;48
facteur;5;49
facteur;3.8;50
facteur;3;51
facteur;4.6;52
facteur;5;53
facteur;1.2;54
facteur;3.6;55
facteur;3.6;56
facteur;4.8;57
facteur;1.6;58
facteur;4;59
facteur;5.2;60
facteur;3.2;61
facteur;4.4;62
facteur;4.6;63
facteur;6.8;64
facteur;4.2;65
facteur;4;66
facteur;3.6;67
facteur;3.2;68
facteur;3.8;69
facteur;3.8;70
facteur;4.4;71
facteur;4.4;72
facteur;4.8;73
facteur;4.4;74
facteur;5.4;75
facteur;5;76
facteur;6;77
facteur;5.6;78
facteur;5.4;79
facteur;4.6;80
gardien;6.8;81
gardien;6.6;82
gardien;5.6;83
gardien;5.2;84
gardien;3.4;85
gardien;4;86
gardien;5;87
gardien;6.2;88
gardien;6.6;89
gardien;3.4;90
gardien;5;91
gardien;4.6;92
gardien;5.8;93
gardien;5.2;94
gardien;5;95
gardien;6.2;96
gardien;4.2;97
gardien;6.2;98
gardien;6;99
gardien;2.4;100
gardien;4.6;101
gardien;4.8;102
gardien;3.2;103
gardien;5.8;104
gardien;5.4;105
gardien;4.8;106
gardien;5;107
gardien;4.8;108
gardien;4.4;109
gardien;5.4;110
gardien;6.6;111
gardien;5;112
gardien;4;113
gardien;5.8;114
gardien;2.6;115
gardien;2.6;116
gardien;3;117
gardien;5.2;118
gardien;5.8;119
gardien;4.2;120
secretaire;2.8;121
secretaire;3.2;122
secretaire;4.2;123
secretaire;2.4;124
secretaire;4.2;125
secretaire;2.4;126
secretaire;5.2;127
secretaire;6;128
secretaire;5;129
secretaire;6;130
secretaire;7;131
secretaire;3.8;132
secretaire;3.4;133
secretaire;4.8;134
secretaire;6;135
secretaire;6.4;136
secretaire;5;137
secretaire;2;138
secretaire;5.6;139
secretaire;4.4;140
secretaire;5.8;141
secretaire;6.6;142
secretaire;3;143
secretaire;2.2;144
secretaire;4.4;145
secretaire;1.6;146
secretaire;6;147
secretaire;3;148
secretaire;6;149
secretaire;3.6;150
secretaire;5.8;151
secretaire;6.2;152
secretaire;6.2;153
secretaire;6.8;154
secretaire;4.4;155
secretaire;7;156
secretaire;6.2;157
secretaire;4.8;158
secretaire;2.4;159
secretaire;6.6;160
