<?xml version="1.0"?>
<!--<!DOCTYPE metadata SYSTEM "http://www.esri.com/metadata/esriprof80.dtd">-->
<metadata xml:lang="fr"><Esri><MetaID>{A5098F59-C8A8-4006-B7F2-FD89E8AE85ED}</MetaID><CreaDate>20081217</CreaDate><CreaTime>13111300</CreaTime><SyncOnce>TRUE</SyncOnce><DataProperties><lineage><Process Name="RasterToPolygon_6" ToolSource="D:\Program Files\ArcGIS\ArcToolbox\Toolboxes\Conversion Tools.tbx\RasterToPolygon" Date="20081217" Time="131113">RasterToPolygon WSrhone J:\ACQWA\HydroSHEDS\watershed\WSrhone.shp NO_SIMPLIFY VALUE</Process></lineage></DataProperties></Esri></metadata>
