age;sexe;satvie;individu
46a55;femme;2;1
46a55;homme;2;2
46a55;femme;2.4;3
36a45;femme;3;4
26a35;femme;3.2;5
36a45;femme;3.2;6
46a55;homme;3.2;7
36a45;femme;3.4;8
36a45;homme;3.4;9
46a55;homme;3.4;10
36a45;homme;3.6;11
46a55;femme;3.6;12
46a55;homme;3.6;13
18a25;homme;3.8;14
46a55;homme;3.8;15
36a45;femme;4;16
18a25;femme;4.2;17
36a45;femme;4.2;18
46a55;homme;4.2;19
18a25;homme;4.4;20
36a45;homme;4.4;21
46a55;femme;4.4;22
46a55;homme;4.4;23
18a25;femme;4.6;24
36a45;homme;4.6;25
18a25;femme;4.8;26
18a25;homme;4.8;27
26a35;femme;4.8;28
36a45;femme;4.8;29
46a55;homme;4.8;30
18a25;homme;5;31
26a35;homme;5;32
36a45;femme;5;33
46a55;femme;5;34
46a55;femme;5;35
18a25;femme;5.2;36
26a35;femme;5.2;37
26a35;femme;5.2;38
26a35;femme;5.2;39
26a35;homme;5.2;40
36a45;femme;5.2;41
36a45;femme;5.2;42
36a45;homme;5.2;43
36a45;homme;5.2;44
46a55;femme;5.2;45
46a55;homme;5.2;46
18a25;femme;5.4;47
18a25;homme;5.4;48
26a35;femme;5.4;49
26a35;homme;5.4;50
36a45;femme;5.4;51
36a45;homme;5.4;52
18a25;femme;5.6;53
18a25;femme;5.6;54
26a35;femme;5.6;55
26a35;homme;5.6;56
36a45;homme;5.6;57
18a25;femme;5.8;58
18a25;homme;5.8;59
18a25;homme;5.8;60
18a25;homme;5.8;61
36a45;homme;5.8;62
18a25;femme;6;63
26a35;femme;6;64
26a35;homme;6;65
46a55;femme;6;66
18a25;femme;6.2;67
26a35;homme;6.2;68
18a25;homme;6.4;69
26a35;femme;6.4;70
26a35;homme;6.4;71
18a25;homme;6.5;72
36a45;homme;6.6;73
26a35;homme;6.8;74
26a35;femme;7;75
26a35;homme;7;76
26a35;homme;7;77
46a55;femme;7;78
46a55;homme;7;79
46a55;femme;5.8;80
